0.0,-3.7087038275567465,1.6718731377814038,0.3600390187539233
0.1,-3.710595936026948,1.6715577172190024,0.3597235981915219
0.2,-3.71280339590885,1.671242296656601,0.3581464953795148
0.3,-3.710280584615248,1.6715577172190024,0.35909275706671906
0.4,-3.7112266388503485,1.6721885583438052,0.36161612156593037
0.5,-3.71280339590885,1.6709268760941995,0.3597235981915219
0.6,-3.7134340987322503,1.6715577172190024,0.3594081776291205
0.7,-3.7112266388503485,1.6721885583438052,0.36066985987872613
0.8,-3.7124880444971495,1.6725039789062066,0.3597235981915219
0.9,-3.7134340987322503,1.6721885583438052,0.35846191594191623
1.0,-3.7096498817918473,1.6715577172190024,0.35877733650431765
1.1,-3.7124880444971495,1.6715577172190024,0.3600390187539233
1.2,-3.710280584615248,1.6715577172190024,0.35877733650431765
1.3,-3.710595936026948,1.6718731377814038,0.3597235981915219
1.4,-3.706811719086545,1.6718731377814038,0.36161612156593037
1.5,-3.71280339590885,1.6721885583438052,0.3600390187539233
1.6,-3.7109112874386483,1.6709268760941995,0.3600390187539233
1.7,-3.7109112874386483,1.671242296656601,0.3594081776291205
1.8,-3.706496367674845,1.6715577172190024,0.3597235981915219
1.9,-3.7159569100258523,1.671242296656601,0.3578310748171134
2.0,-3.709019178968447,1.6715577172190024,0.3594081776291205
2.1,-3.711541990262049,1.6721885583438052,0.36098528044112754
2.2,-3.711857341673749,1.6725039789062066,0.3597235981915219
2.3,-3.711541990262049,1.6721885583438052,0.3594081776291205
2.4,-3.7109112874386483,1.6718731377814038,0.3597235981915219
2.5,-3.709019178968447,1.6725039789062066,0.3594081776291205
2.6,-3.7121726930854493,1.6725039789062066,0.35909275706671906
2.7,-3.711541990262049,1.6721885583438052,0.35909275706671906
2.8,-3.71280339590885,1.6715577172190024,0.35909275706671906
2.9,-3.710280584615248,1.671242296656601,0.3597235981915219
3.0,-3.711857341673749,1.671242296656601,0.3594081776291205
3.1,-3.710595936026948,1.6715577172190024,0.36066985987872613
3.2,-3.7096498817918473,1.6718731377814038,0.3600390187539233
3.3,-3.710595936026948,1.6715577172190024,0.35846191594191623
3.4,-3.7096498817918473,1.6715577172190024,0.3594081776291205
3.5,-3.7109112874386483,1.6725039789062066,0.35909275706671906
3.6,-3.7099652332035475,1.6721885583438052,0.3597235981915219
3.7,-3.7099652332035475,1.6725039789062066,0.3594081776291205
3.8,-3.7096498817918473,1.6718731377814038,0.3619315421283318
3.9,-3.711541990262049,1.6715577172190024,0.3603544393163247
4.0,-3.7112266388503485,1.671242296656601,0.3581464953795148
4.1,-3.7112266388503485,1.6715577172190024,0.3594081776291205
4.2,-3.7099652332035475,1.6715577172190024,0.3597235981915219
4.3,-3.710280584615248,1.6718731377814038,0.35909275706671906
4.4,-3.710595936026948,1.6718731377814038,0.35909275706671906
4.5,-3.7099652332035475,1.671242296656601,0.3622469626907332
4.6,-3.7134340987322503,1.6718731377814038,0.3600390187539233
4.7,-3.7121726930854493,1.6718731377814038,0.3600390187539233
4.8,-3.71280339590885,1.671242296656601,0.3594081776291205
4.9,-3.7137494501439505,1.6721885583438052,0.3600390187539233
5.0,-3.714380152967351,1.6721885583438052,0.3572002336923106
5.1,-3.714380152967351,1.6725039789062066,0.35909275706671906
5.2,-3.7140648015556508,1.6721885583438052,0.36161612156593037
5.3,-3.714380152967351,1.672819399468608,0.3600390187539233
5.4,-3.7140648015556508,1.6725039789062066,0.3594081776291205
5.5,-3.7153262072024518,1.6725039789062066,0.3603544393163247
5.6,-3.7140648015556508,1.6718731377814038,0.3597235981915219
5.7,-3.714380152967351,1.6715577172190024,0.35909275706671906
5.8,-3.715641558614152,1.6715577172190024,0.3594081776291205
5.9,-3.716902964260953,1.6718731377814038,0.3594081776291205
6.0,-3.7140648015556508,1.671242296656601,0.3597235981915219
6.1,-3.7159569100258523,1.671242296656601,0.3594081776291205
6.2,-3.7153262072024518,1.6715577172190024,0.36066985987872613
6.3,-3.7213178840247565,1.6721885583438052,2.4216278146095647
6.4,-3.7153262072024518,1.6725039789062066,2.4191044501103534
6.5,-3.7159569100258523,1.6721885583438052,2.421943235171966
6.6,-3.718164369907754,1.671242296656601,2.420996973484762
6.7,-3.7140648015556508,1.6715577172190024,2.420996973484762
6.8,-3.7159569100258523,1.6721885583438052,2.421943235171966
6.9,-3.714380152967351,1.6718731377814038,2.4232049174215717
7.0,-3.7146955043790513,1.6721885583438052,2.4228894968591703
7.1,-3.7134340987322503,1.6718731377814038,2.4222586557343675
7.2,-3.7140648015556508,1.6718731377814038,2.4222586557343675
7.3,-3.7112266388503485,1.6718731377814038,0.36161612156593037
7.4,-3.7150108557907515,1.6721885583438052,0.3603544393163247
7.5,-3.7153262072024518,1.6715577172190024,0.36066985987872613
7.6,-3.7140648015556508,1.6715577172190024,0.3625623832531346
7.7,-3.714380152967351,1.6715577172190024,0.36066985987872613
7.8,-3.7150108557907515,1.6715577172190024,0.3603544393163247
7.9,-3.7162722614375525,1.6725039789062066,0.36130070100352896
8.0,-3.7153262072024518,1.6721885583438052,0.3603544393163247
8.1,-3.714380152967351,1.6721885583438052,0.35877733650431765
8.2,-3.7153262072024518,1.6721885583438052,0.3597235981915219
8.3,-3.715641558614152,1.672819399468608,0.36066985987872613
8.4,-3.71311874732055,1.6718731377814038,0.3597235981915219
8.5,-3.7146955043790513,1.6715577172190024,0.3597235981915219
8.6,-3.7150108557907515,1.6718731377814038,0.3619315421283318
8.7,-3.7137494501439505,1.6715577172190024,0.3603544393163247
8.8,-3.7137494501439505,1.671242296656601,0.3578310748171134
8.9,-3.711541990262049,1.6709268760941995,2.4213123940471633
9.0,-3.715641558614152,1.6709268760941995,2.4216278146095647
9.1,-3.71311874732055,1.6718731377814038,2.4213123940471633
9.2,-3.7137494501439505,1.6725039789062066,2.421943235171966
9.3,-3.711541990262049,1.672819399468608,2.4244665996711774
9.4,-3.71311874732055,1.6721885583438052,2.4222586557343675
9.5,-3.7146955043790513,1.6721885583438052,2.421943235171966
9.6,-3.71311874732055,1.6715577172190024,2.4222586557343675
9.7,-3.7137494501439505,1.6721885583438052,2.4228894968591703
9.8,-3.7112266388503485,1.6718731377814038,2.4216278146095647
9.9,-3.710595936026948,1.6715577172190024,0.36161612156593037
10.0,-3.710595936026948,1.6718731377814038,0.3641394860651417
10.1,-3.7140648015556508,1.6715577172190024,0.36161612156593037
10.2,-3.710595936026948,1.6715577172190024,0.36130070100352896
10.3,-3.7112266388503485,1.6715577172190024,0.36066985987872613
10.4,-3.7099652332035475,1.671242296656601,0.36066985987872613
10.5,-3.7121726930854493,1.6721885583438052,0.357515654254712
10.6,-3.7112266388503485,1.6725039789062066,0.3600390187539233
10.7,-3.7112266388503485,1.672819399468608,0.3625623832531346
10.8,-3.71311874732055,1.6725039789062066,0.36066985987872613
10.9,-3.7134340987322503,1.672819399468608,0.3603544393163247
11.0,-3.71311874732055,1.6721885583438052,0.36098528044112754
11.1,-3.7140648015556508,1.6731348200310094,0.3600390187539233
11.2,-3.71280339590885,1.6718731377814038,0.35909275706671906
11.3,-3.71280339590885,1.6721885583438052,0.3600390187539233
11.4,-3.7124880444971495,1.671242296656601,0.3600390187539233
11.5,-3.7159569100258523,1.6718731377814038,2.4216278146095647
11.6,-3.71311874732055,1.6709268760941995,2.421943235171966
11.7,-3.710595936026948,1.6718731377814038,2.4228894968591703
11.8,-3.7096498817918473,1.6718731377814038,2.4232049174215717
11.9,-3.711857341673749,1.6721885583438052,2.420996973484762
12.0,-3.710280584615248,1.6734502405934109,2.4222586557343675
12.1,-3.7112266388503485,1.6753427639678193,2.4222586557343675
12.2,-3.7121726930854493,1.6756581845302208,2.4222586557343675
12.3,-3.709334530380147,1.6747119228430165,2.422574076296769
12.4,-3.710595936026948,1.6753427639678193,2.4254128613583816
12.5,-3.71280339590885,1.676604446217425,0.36130070100352896
12.6,-3.710280584615248,1.6756581845302208,0.3619315421283318
12.7,-3.711857341673749,1.6753427639678193,0.36098528044112754
12.8,-3.7096498817918473,1.6756581845302208,0.36130070100352896
12.9,-3.710280584615248,1.6753427639678193,0.3594081776291205
13.0,-3.711541990262049,1.675027343405418,0.3597235981915219
13.1,-3.710280584615248,1.6740810817182137,0.3622469626907332
13.2,-3.7124880444971495,1.6762890256550236,0.36066985987872613
13.3,-3.710280584615248,1.6759736050926222,0.3603544393163247
13.4,-3.71311874732055,1.6756581845302208,0.36098528044112754
13.5,-3.710280584615248,1.6759736050926222,0.36066985987872613
13.6,-3.711541990262049,1.6769198667798264,0.35846191594191623
13.7,-3.711857341673749,1.6756581845302208,0.3600390187539233
13.8,-3.7112266388503485,1.6769198667798264,2.420996973484762
13.9,-3.71311874732055,1.6756581845302208,2.421943235171966
14.0,-3.7134340987322503,1.6756581845302208,2.4216278146095647
14.1,-3.7134340987322503,1.6759736050926222,2.423520337983973
14.2,-3.7121726930854493,1.678181549029432,2.4228894968591703
14.3,-3.7137494501439505,1.6753427639678193,2.421943235171966
14.4,-3.7134340987322503,1.6756581845302208,2.4228894968591703
14.5,-3.7137494501439505,1.6769198667798264,2.4228894968591703
14.6,-3.71280339590885,1.6747119228430165,2.4216278146095647
14.7,-3.71311874732055,1.6753427639678193,2.4228894968591703
14.8,-3.7124880444971495,1.678181549029432,0.36319322437793744
14.9,-3.7159569100258523,1.6810203340910448,2.423520337983973
15.0,-3.7140648015556508,1.684174539715059,2.423520337983973
15.1,-3.714380152967351,1.6844899602774603,2.4232049174215717
15.2,-3.7121726930854493,1.6848053808398618,2.4238357585463746
15.3,-3.7137494501439505,1.6844899602774603,2.4206815529223604
15.4,-3.71280339590885,1.6848053808398618,2.4232049174215717
15.5,-3.7150108557907515,1.6844899602774603,2.425728281920783
15.6,-3.714380152967351,1.6848053808398618,2.4232049174215717
15.7,-3.7121726930854493,1.6848053808398618,2.423520337983973
15.8,-3.71280339590885,1.6844899602774603,2.424782020233579
15.9,-3.71311874732055,1.6848053808398618,0.35909275706671906
16.0,-3.7146955043790513,1.6848053808398618,0.36130070100352896
16.1,-3.7140648015556508,1.6848053808398618,0.36098528044112754
16.2,-3.7184797213194543,1.6851208014022632,0.36161612156593037
16.3,-3.7175336670843535,1.6854362219646646,0.36066985987872613
16.4,-3.716902964260953,1.685751642527066,0.36066985987872613
16.5,-3.7178490184960538,1.6854362219646646,0.3625623832531346
16.6,-3.715641558614152,1.6851208014022632,0.36130070100352896
16.7,-3.720687181201356,1.6854362219646646,0.3594081776291205
16.8,-3.7137494501439505,1.6854362219646646,2.422574076296769
16.9,-3.7175336670843535,1.6848053808398618,2.421943235171966
17.0,-3.7150108557907515,1.6848053808398618,2.4216278146095647
17.1,-3.7165876128492528,1.684174539715059,2.4222586557343675
17.2,-3.7191104241428548,1.6844899602774603,2.4260437024831845
17.3,-3.7162722614375525,1.6844899602774603,2.423520337983973
17.4,-3.7153262072024518,1.6844899602774603,2.4232049174215717
17.5,-3.7159569100258523,1.684174539715059,2.423520337983973
17.6,-3.718164369907754,1.6854362219646646,2.4232049174215717
17.7,-3.7162722614375525,1.6854362219646646,2.420996973484762
17.8,-3.7153262072024518,1.6860670630894674,2.422574076296769
17.9,-3.714380152967351,1.685751642527066,2.247515664163984
18.0,-3.7175336670843535,1.685751642527066,2.423520337983973
18.1,-3.7159569100258523,1.685751642527066,2.423520337983973
18.2,-3.714380152967351,1.6851208014022632,2.42509744079598
18.3,-3.718164369907754,1.6854362219646646,2.4238357585463746
18.4,-3.716902964260953,1.6854362219646646,1.3570834165047927
18.5,-3.715641558614152,1.6854362219646646,2.423520337983973
18.6,-3.7165876128492528,1.685751642527066,2.4238357585463746
18.7,-3.7165876128492528,1.6854362219646646,2.423520337983973
18.8,-3.710280584615248,1.6854362219646646,2.42509744079598
18.9,-3.7150108557907515,1.685751642527066,2.4269899641703887
19.0,-3.7175336670843535,1.685751642527066,0.362877803815536
19.1,-3.715641558614152,1.6860670630894674,0.36098528044112754
19.2,-3.7184797213194543,1.6863824836518688,0.36161612156593037
19.3,-3.716902964260953,1.6860670630894674,0.36130070100352896
19.4,-3.7137494501439505,1.6863824836518688,0.36098528044112754
19.5,-3.7175336670843535,1.6860670630894674,0.36066985987872613
19.6,-3.7159569100258523,1.6860670630894674,0.36350864494033885
19.7,-3.7153262072024518,1.685751642527066,0.36098528044112754
19.8,-3.7162722614375525,1.6854362219646646,0.36098528044112754
19.9,-3.7184797213194543,1.6851208014022632,0.36130070100352896
20.0,-3.7121726930854493,1.6854362219646646,0.3603544393163247
20.1,-3.711857341673749,1.6851208014022632,0.3597235981915219
20.2,-3.71311874732055,1.6851208014022632,0.36066985987872613
20.3,-3.7172183156726533,1.6851208014022632,0.3619315421283318
20.4,-3.7137494501439505,1.6860670630894674,0.36098528044112754
20.5,-3.7146955043790513,1.6866979042142702,0.36098528044112754
20.6,-3.7124880444971495,1.6860670630894674,0.36066985987872613
20.7,-3.7134340987322503,1.6863824836518688,0.36130070100352896
20.8,-3.71311874732055,1.6860670630894674,0.3594081776291205
20.9,-3.71280339590885,1.6860670630894674,0.36066985987872613
21.0,-3.7162722614375525,1.685751642527066,0.36098528044112754
21.1,-3.7121726930854493,1.685751642527066,0.3600390187539233
21.2,-3.7137494501439505,1.685751642527066,0.36066985987872613
21.3,-3.714380152967351,1.685751642527066,0.36319322437793744
21.4,-3.7150108557907515,1.685751642527066,0.36066985987872613
21.5,-3.714380152967351,1.685751642527066,0.36066985987872613
21.6,-3.7140648015556508,1.685751642527066,0.3600390187539233
21.7,-3.71311874732055,1.685751642527066,0.3603544393163247
21.8,-3.714380152967351,1.6860670630894674,0.35909275706671906
21.9,-3.7162722614375525,1.6866979042142702,2.420996973484762
22.0,-3.7137494501439505,1.6866979042142702,2.4228894968591703
22.1,-3.7146955043790513,1.6863824836518688,2.422574076296769
22.2,-3.711857341673749,1.6866979042142702,2.422574076296769
22.3,-3.7146955043790513,1.6863824836518688,2.4222586557343675
22.4,-3.7124880444971495,1.6863824836518688,2.4228894968591703
22.5,-3.7124880444971495,1.6860670630894674,2.420366132359959
22.6,-3.7124880444971495,1.6860670630894674,2.4222586557343675
22.7,-3.711857341673749,1.6854362219646646,2.424151179108776
22.8,-3.7124880444971495,1.6854362219646646,2.423520337983973
22.9,-3.707757773321646,1.685751642527066,0.3625623832531346
23.0,-3.7096498817918473,1.685751642527066,0.3619315421283318
23.1,-3.7112266388503485,1.6854362219646646,0.36161612156593037
23.2,-3.71280339590885,1.6854362219646646,0.35877733650431765
23.3,-3.711857341673749,1.6863824836518688,0.3603544393163247
23.4,-3.711541990262049,1.6866979042142702,0.3622469626907332
23.5,-3.71311874732055,1.6860670630894674,0.36098528044112754
23.6,-3.710280584615248,1.685751642527066,2.4213123940471633
23.7,-3.7121726930854493,1.685751642527066,2.4216278146095647
23.8,-3.71280339590885,1.685751642527066,2.4222586557343675
23.9,-3.7137494501439505,1.685751642527066,2.4206815529223604
24.0,-3.71280339590885,1.6854362219646646,2.4213123940471633
24.1,-3.7109112874386483,1.685751642527066,2.42509744079598
24.2,-3.71280339590885,1.685751642527066,2.422574076296769
24.3,-3.711541990262049,1.6854362219646646,2.4222586557343675
24.4,-3.7140648015556508,1.6854362219646646,2.423520337983973
24.5,-3.7134340987322503,1.6854362219646646,2.4228894968591703
24.6,-3.7112266388503485,1.685751642527066,0.36130070100352896
24.7,-3.711541990262049,1.6860670630894674,0.36161612156593037
24.8,-3.71311874732055,1.6863824836518688,2.4222586557343675
24.9,-3.7109112874386483,1.6870133247766717,2.422574076296769
25.0,-3.7121726930854493,1.6863824836518688,2.422574076296769
25.1,-3.709334530380147,1.6866979042142702,2.424782020233579
25.2,-3.7121726930854493,1.6863824836518688,2.4232049174215717
25.3,-3.711857341673749,1.6863824836518688,2.4206815529223604
25.4,-3.710595936026948,1.6860670630894674,2.4228894968591703
25.5,-3.711857341673749,1.685751642527066,2.4232049174215717
25.6,-3.7124880444971495,1.6854362219646646,2.4216278146095647
25.7,-3.7124880444971495,1.6854362219646646,2.4228894968591703
25.8,-3.7099652332035475,1.6854362219646646,0.43826331822947395
25.9,-3.7140648015556508,1.685751642527066,2.4238357585463746
26.0,-3.7137494501439505,1.6854362219646646,2.4232049174215717
26.1,-3.7140648015556508,1.6844899602774603,2.4232049174215717
26.2,-3.7134340987322503,1.6825974369030519,2.4238357585463746
26.3,-3.7137494501439505,1.6800740724038405,2.4213123940471633
26.4,-3.7121726930854493,1.674396502280615,2.4228894968591703
26.5,-3.714380152967351,1.6769198667798264,2.42509744079598
26.6,-3.714380152967351,1.6756581845302208,2.4238357585463746
26.7,-3.714380152967351,1.6769198667798264,2.4228894968591703
26.8,-3.7137494501439505,1.6740810817182137,2.424151179108776
26.9,-3.716902964260953,1.6756581845302208,0.3594081776291205
27.0,-3.7153262072024518,1.6769198667798264,0.3619315421283318
27.1,-3.7124880444971495,1.6769198667798264,2.4228894968591703
27.2,-3.71280339590885,1.676604446217425,2.422574076296769
27.3,-3.7134340987322503,1.6759736050926222,2.4228894968591703
27.4,-3.711541990262049,1.6740810817182137,2.422574076296769
27.5,-3.7124880444971495,1.6756581845302208,2.425728281920783
27.6,-3.7124880444971495,1.6778661284670306,2.4232049174215717
27.7,-3.7134340987322503,1.6772352873422278,2.4232049174215717
27.8,-3.7112266388503485,1.6775507079046292,2.422574076296769
27.9,-3.7134340987322503,1.678812390154235,2.4232049174215717
28.0,-3.71311874732055,1.6784969695918335,2.422574076296769
28.1,-3.7099652332035475,1.678181549029432,0.3622469626907332
28.2,-3.710280584615248,1.6778661284670306,0.36350864494033885
28.3,-3.711857341673749,1.6778661284670306,0.3622469626907332
28.4,-3.7109112874386483,1.6772352873422278,0.36161612156593037
28.5,-3.7124880444971495,1.676604446217425,0.36161612156593037
28.6,-3.7096498817918473,1.6775507079046292,0.36130070100352896
28.7,-3.710595936026948,1.6784969695918335,0.35909275706671906
28.8,-3.7112266388503485,1.6797586518414391,0.36066985987872613
28.9,-3.710595936026948,1.6791278107166363,0.36319322437793744
29.0,-3.7112266388503485,1.678812390154235,0.36098528044112754
29.1,-3.710280584615248,1.6772352873422278,0.36098528044112754
29.2,-3.7121726930854493,1.6731348200310094,0.3619315421283318
29.3,-3.7112266388503485,1.6737656611558123,0.36066985987872613
29.4,-3.711857341673749,1.6734502405934109,0.3594081776291205
29.5,-3.7099652332035475,1.6731348200310094,0.3597235981915219
29.6,-3.7109112874386483,1.674396502280615,0.36066985987872613
29.7,-3.7099652332035475,1.6731348200310094,0.36066985987872613
29.8,-3.7087038275567465,1.6734502405934109,0.3603544393163247
29.9,-3.706811719086545,1.6734502405934109,0.362877803815536
30.0,-3.7087038275567465,1.6737656611558123,0.36066985987872613
30.1,-3.7096498817918473,1.6734502405934109,0.3594081776291205
30.2,-3.709334530380147,1.6734502405934109,0.36066985987872613
30.3,-3.7087038275567465,1.6740810817182137,0.36098528044112754
30.4,-3.7099652332035475,1.675027343405418,0.3597235981915219
30.5,-3.7058656648514443,1.6791278107166363,0.3603544393163247
30.6,-3.71311874732055,1.6753427639678193,0.36098528044112754
30.7,-3.7033428535578423,1.678181549029432,0.36098528044112754
30.8,-3.71280339590885,1.6778661284670306,0.36066985987872613
30.9,-3.697981879558938,1.6778661284670306,2.420996973484762
31.0,-3.7197411269662553,1.6784969695918335,2.422574076296769
31.1,-3.7011353936759406,1.6778661284670306,2.420366132359959
31.2,-3.7083884761450463,1.6762890256550236,2.4216278146095647
31.3,-3.7074424219099456,1.676604446217425,2.4232049174215717
31.4,-3.7134340987322503,1.6769198667798264,2.422574076296769
31.5,-3.709019178968447,1.6772352873422278,2.422574076296769
31.6,-3.7046042592046433,1.6769198667798264,2.4228894968591703
31.7,-3.7124880444971495,1.6778661284670306,2.4222586557343675
31.8,-3.7087038275567465,1.675027343405418,2.4200507117975576
31.9,-3.71280339590885,1.6756581845302208,0.3622469626907332
32.0,-3.7074424219099456,1.6737656611558123,0.3641394860651417
32.1,-3.7099652332035475,1.6731348200310094,0.36130070100352896
32.2,-3.7071270704982453,1.6725039789062066,0.36098528044112754
32.3,-3.7071270704982453,1.6740810817182137,0.3622469626907332
32.4,-3.7071270704982453,1.672819399468608,0.36130070100352896
32.5,-3.7071270704982453,1.6734502405934109,0.35846191594191623
32.6,-3.709019178968447,1.6734502405934109,0.3603544393163247
32.7,-3.708073124733346,1.6740810817182137,0.3625623832531346
32.8,-3.7071270704982453,1.674396502280615,0.36066985987872613
32.9,-3.7083884761450463,1.6740810817182137,0.3603544393163247
33.0,-3.7087038275567465,1.6772352873422278,0.36161612156593037
33.1,-3.7083884761450463,1.6759736050926222,0.36130070100352896
33.2,-3.7087038275567465,1.675027343405418,0.3594081776291205
33.3,-3.706811719086545,1.676604446217425,0.3603544393163247
33.4,-3.706811719086545,1.6753427639678193,0.3603544393163247
33.5,-3.7058656648514443,1.678181549029432,0.3600390187539233
33.6,-3.7058656648514443,1.6772352873422278,0.36066985987872613
33.7,-3.7083884761450463,1.6747119228430165,0.3619315421283318
33.8,-3.707757773321646,1.675027343405418,2.421943235171966
33.9,-3.7036582049695426,1.6772352873422278,2.420996973484762
34.0,-3.703027502146142,1.674396502280615,2.4213123940471633
34.1,-3.7074424219099456,1.6740810817182137,2.421943235171966
34.2,-3.705550313439744,1.674396502280615,2.421943235171966
34.3,-3.705550313439744,1.6740810817182137,2.4222586557343675
34.4,-3.7061810162631446,1.680389492966242,2.424782020233579
34.5,-3.7074424219099456,1.674396502280615,2.4232049174215717
34.6,-3.703027502146142,1.6759736050926222,2.4232049174215717
34.7,-3.704288907792943,1.6769198667798264,2.422574076296769
34.8,-3.706811719086545,1.674396502280615,0.3625623832531346
34.9,-3.7061810162631446,1.6731348200310094,0.36066985987872613
35.0,-3.706811719086545,1.6731348200310094,0.36161612156593037
35.1,-3.706811719086545,1.672819399468608,0.362877803815536
35.2,-3.7061810162631446,1.6731348200310094,0.3619315421283318
35.3,-3.7061810162631446,1.6731348200310094,0.36098528044112754
35.4,-3.705234962028044,1.6731348200310094,0.36130070100352896
35.5,-3.7083884761450463,1.6731348200310094,0.36066985987872613
35.6,-3.7099652332035475,1.6734502405934109,0.3597235981915219
35.7,-3.7096498817918473,1.672819399468608,0.36066985987872613
35.8,-3.706811719086545,1.672819399468608,2.423520337983973
35.9,-3.7109112874386483,1.6734502405934109,2.4222586557343675
36.0,-3.709334530380147,1.6740810817182137,2.422574076296769
36.1,-3.710280584615248,1.6734502405934109,2.4228894968591703
36.2,-3.7087038275567465,1.6737656611558123,2.423520337983973
36.3,-3.7083884761450463,1.6740810817182137,2.4213123940471633
36.4,-3.707757773321646,1.6734502405934109,2.421943235171966
36.5,-3.707757773321646,1.6734502405934109,2.4228894968591703
36.6,-3.7083884761450463,1.6737656611558123,2.4222586557343675
36.7,-3.709019178968447,1.6721885583438052,2.422574076296769
36.8,-3.7071270704982453,1.6721885583438052,0.36540116831474734
36.9,-3.7096498817918473,1.6718731377814038,0.3625623832531346
37.0,-3.709019178968447,1.6715577172190024,0.3622469626907332
37.1,-3.7087038275567465,1.671242296656601,0.36130070100352896
37.2,-3.7087038275567465,1.6715577172190024,0.36130070100352896
37.3,-3.7083884761450463,1.6715577172190024,0.3597235981915219
37.4,-3.7087038275567465,1.6718731377814038,0.36066985987872613
37.5,-3.707757773321646,1.6721885583438052,0.3625623832531346
37.6,-3.7109112874386483,1.6725039789062066,0.36098528044112754
37.7,-3.7096498817918473,1.6715577172190024,0.36066985987872613
37.8,-3.710280584615248,1.671242296656601,0.3619315421283318
37.9,-3.7074424219099456,1.671242296656601,0.36098528044112754
38.0,-3.7087038275567465,1.6715577172190024,0.3594081776291205
38.1,-3.7083884761450463,1.6718731377814038,0.36098528044112754
38.2,-3.706811719086545,1.671242296656601,0.36066985987872613
38.3,-3.706811719086545,1.6715577172190024,0.36098528044112754
38.4,-3.708073124733346,1.671242296656601,0.3603544393163247
38.5,-3.708073124733346,1.6718731377814038,0.3625623832531346
38.6,-3.7074424219099456,1.6715577172190024,0.36130070100352896
38.7,-3.706496367674845,1.6715577172190024,0.35846191594191623
38.8,-3.7087038275567465,1.6715577172190024,0.3603544393163247
38.9,-3.7096498817918473,1.6721885583438052,0.36066985987872613
39.0,-3.7096498817918473,1.6721885583438052,0.3600390187539233
39.1,-3.707757773321646,1.6718731377814038,0.3600390187539233
39.2,-3.709019178968447,1.6718731377814038,0.362877803815536
39.3,-3.710280584615248,1.6718731377814038,0.36066985987872613
39.4,-3.710280584615248,1.6721885583438052,0.36098528044112754
39.5,-3.7087038275567465,1.6721885583438052,0.3603544393163247
39.6,-3.7087038275567465,1.671242296656601,0.3603544393163247
39.7,-3.709019178968447,1.6715577172190024,0.3597235981915219
39.8,-3.708073124733346,1.6709268760941995,0.3600390187539233
39.9,-3.706811719086545,1.6709268760941995,0.3625623832531346
40.0,-3.7087038275567465,1.671242296656601,0.3603544393163247
40.1,-3.7074424219099456,1.6709268760941995,0.3581464953795148
40.2,-3.7074424219099456,1.671242296656601,0.3597235981915219
40.3,-3.706496367674845,1.6721885583438052,0.3603544393163247
40.4,-3.708073124733346,1.6721885583438052,0.35909275706671906
40.5,-3.708073124733346,1.671242296656601,0.9795250033103002
40.6,-3.705550313439744,1.671242296656601,1.7895250075571312
40.7,-3.706496367674845,1.6706114555317981,2.4191044501103534
40.8,-3.7071270704982453,1.671242296656601,2.4194198706727548
40.9,-3.706496367674845,1.671242296656601,2.4200507117975576
41.0,-3.7058656648514443,1.6715577172190024,2.420996973484762
41.1,-3.7058656648514443,1.6718731377814038,2.4194198706727548
41.2,-3.707757773321646,1.6718731377814038,2.4206815529223604
41.3,-3.7071270704982453,1.6718731377814038,2.4222586557343675
41.4,-3.7071270704982453,1.672819399468608,2.421943235171966
41.5,-3.7071270704982453,1.6715577172190024,1.9942329525556488
41.6,-3.706496367674845,1.6718731377814038,1.1722469669375641
41.7,-3.707757773321646,1.6718731377814038,0.36382406550274027
41.8,-3.709334530380147,1.672819399468608,0.36098528044112754
41.9,-3.709019178968447,1.6721885583438052,0.36161612156593037
42.0,-3.7096498817918473,1.6721885583438052,0.362877803815536
42.1,-3.709334530380147,1.6718731377814038,0.3619315421283318
42.2,-3.709019178968447,1.6721885583438052,0.3622469626907332
42.3,-3.706496367674845,1.6718731377814038,0.36161612156593037
42.4,-3.7083884761450463,1.671242296656601,0.36161612156593037
42.5,-3.7071270704982453,1.6715577172190024,0.3597235981915219
42.6,-3.706811719086545,1.6709268760941995,0.36098528044112754
42.7,-3.706811719086545,1.6718731377814038,0.3619315421283318
42.8,-3.706496367674845,1.671242296656601,0.36161612156593037
42.9,-3.7083884761450463,1.6715577172190024,0.36130070100352896
43.0,-3.7074424219099456,1.6725039789062066,0.3619315421283318
43.1,-3.705550313439744,1.6721885583438052,0.36161612156593037
43.2,-3.705234962028044,1.672819399468608,0.35877733650431765
43.3,-3.7071270704982453,1.672819399468608,0.36066985987872613
43.4,-3.7049196106163436,1.6718731377814038,0.362877803815536
43.5,-3.706496367674845,1.6725039789062066,0.36098528044112754
43.6,-3.7061810162631446,1.6721885583438052,0.36130070100352896
43.7,-3.7074424219099456,1.6721885583438052,0.36161612156593037
43.8,-3.7061810162631446,1.6718731377814038,0.36161612156593037
43.9,-3.706496367674845,1.6718731377814038,0.3600390187539233
44.0,-3.706811719086545,1.6715577172190024,0.36098528044112754
44.1,-3.706811719086545,1.6718731377814038,0.36066985987872613
44.2,-3.7071270704982453,1.6718731377814038,0.36130070100352896
44.3,-3.707757773321646,1.671242296656601,0.36066985987872613
44.4,-3.707757773321646,1.6721885583438052,0.3625623832531346
44.5,-3.7099652332035475,1.6718731377814038,0.36098528044112754
44.6,-3.7087038275567465,1.6721885583438052,0.3594081776291205
44.7,-3.7071270704982453,1.672819399468608,0.36098528044112754
44.8,-3.7083884761450463,1.6721885583438052,0.36098528044112754
44.9,-3.707757773321646,1.672819399468608,0.3600390187539233
45.0,-3.707757773321646,1.672819399468608,0.36066985987872613
45.1,-3.705234962028044,1.6721885583438052,0.3622469626907332
45.2,-3.7071270704982453,1.6718731377814038,0.36130070100352896
45.3,-3.706496367674845,1.6721885583438052,0.36130070100352896
45.4,-3.7074424219099456,1.6715577172190024,0.36098528044112754
45.5,-3.706496367674845,1.6715577172190024,0.36161612156593037
45.6,-3.708073124733346,1.6718731377814038,0.35877733650431765
